SubjectID,StimulusType,RT,congruence
3000,0,270.3333333333333,0.85
3000,1,393.175,1.0
3001,0,336.5,0.9
3001,1,355.475,1.0
3002,0,299.6666666666667,0.85
3002,1,350.6125,1.0
3003,0,246.5,0.9
3003,1,344.2125,1.0
3004,1,425.6,1.0
3005,0,282.5,0.8
3005,1,385.575,1.0
3006,0,358.57142857142856,0.65
3006,1,319.075,1.0
3007,0,289.0,0.95
3007,1,307.1818181818182,0.9625
