SubjectID,StimulusType,accuracy,RT
30001,0,0.85,299.6666666666667
30001,1,1.0,350.6125
30002,0,0.9,246.5
30002,1,1.0,344.2125
30003,0,1.0,
30003,1,1.0,425.6
30004,0,0.65,358.57142857142856
30004,1,1.0,319.075
30005,0,0.95,289.0
30005,1,0.9625,307.1818181818182
30006,0,0.8,282.5
30006,1,1.0,385.575
30007,0,0.9,336.5
30007,1,1.0,355.475
30008,0,0.85,270.3333333333333
30008,1,1.0,393.175
