SubjectID,StimulusType,RT,accuracy
30001,0,299.6666666666667,0.85
30001,1,350.6125,1.0
30002,0,246.5,0.9
30002,1,344.2125,1.0
30003,1,425.6,1.0
30004,0,358.57142857142856,0.65
30004,1,319.075,1.0
30005,0,289.0,0.95
30005,1,307.1818181818182,0.9625
30006,0,282.5,0.8
30006,1,385.575,1.0
30007,0,336.5,0.9
30007,1,355.475,1.0
30008,0,270.3333333333333,0.85
30008,1,393.175,1.0
