SubjectID,StimulusType,RT,congruence
13351004,0,282.5,0.8
13351004,1,385.575,1.0
15551504,0,270.3333333333333,0.85
15551504,1,393.175,1.0
21131504,0,299.6666666666667,0.85
21131504,1,350.6125,1.0
21181504,0,246.5,0.9
21181504,1,344.2125,1.0
22250904,1,425.6,1.0
201904131710,0,289.0,0.95
201904131710,1,307.1818181818182,0.9625
201904150033,0,358.57142857142856,0.65
201904150033,1,319.075,1.0
201904150051,0,336.5,0.9
201904150051,1,355.475,1.0
